USE UCCV2;

-- 15 departments (varied count)
INSERT INTO departments (department_name, location) VALUES
('Cardiology','Building A - Floor 3'),
('Neurology','Building B - Floor 2'),
('Oncology','Building C - Floor 1'),
('Pediatrics','Building A - Floor 1'),
('Orthopedics','Building D - Floor 2'),
('Radiology','Building B - Floor 3'),
('Emergency','Building E - Ground Floor'),
('Urology','Building C - Floor 2'),
('Dermatology','Building A - Floor 4'),
('Ophthalmology','Building D - Floor 1'),
('ENT','Building B - Floor 1'),
('Gynecology','Building C - Floor 3'),
('Psychiatry','Building E - Floor 2'),
('Endocrinology','Building A - Floor 2'),
('Gastroenterology','Building D - Floor 3');

-- 25 doctors (varied count with FK duplications)
INSERT INTO doctors (first_name, last_name, specialization, phone_number, email, department_id) VALUES
('James','Adams','Cardiology','0612345001','j.adams@hospital.com',1),
('Linda','Baker','Neurology','0623456002','l.baker@hospital.com',2),
('Robert','Clark','Oncology','0634567003','r.clark@hospital.com',3),
('Patricia','Davis','Pediatrics','0645678004','p.davis@hospital.com',4),
('Michael','Evans','Orthopedics','0656789005','m.evans@hospital.com',5),
('Barbara','Frank','Radiology','0667890006','b.frank@hospital.com',6),
('William','Green','Emergency Medicine','0678901007','w.green@hospital.com',7),
('Elizabeth','Hill','Urology','0689012008','e.hill@hospital.com',8),
('Thomas','Irwin','Dermatology','0690123009','t.irwin@hospital.com',9),
('Jennifer','Jones','Ophthalmology','0601234010','j.jones@hospital.com',10),
('Charles','King','ENT','0612345011','c.king@hospital.com',11),
('Susan','Lee','Gynecology','0623456012','s.lee@hospital.com',12),
('Christopher','Moore','Psychiatry','0634567013','c.moore@hospital.com',13),
('Karen','Nelson','Endocrinology','0645678014','k.nelson@hospital.com',14),
('Daniel','Owens','Gastroenterology','0656789015','d.owens@hospital.com',15),
('Nancy','Parker','Cardiology','0667890016','n.parker@hospital.com',1),
('Paul','Quinn','Emergency Medicine','0678901017','p.quinn@hospital.com',7),
('Sandra','Reed','Pediatrics','0689012018','s.reed@hospital.com',4),
('Mark','Scott','Orthopedics','0690123019','m.scott@hospital.com',5),
('Laura','Turner','Radiology','0601234020','l.turner@hospital.com',6),
('George','White','Neurology','0612345021','g.white@hospital.com',2),
('Helen','Young','Oncology','0623456022','h.young@hospital.com',3),
('Ivan','Zhang','Cardiology','0634567023','i.zhang@hospital.com',1),
('Julia','Allen','Emergency Medicine','0645678024','j.allen@hospital.com',7),
('Kevin','Brown','Pediatrics','0656789025','k.brown@hospital.com',4);

-- 30 patients (varied count with some duplicate addresses/locations)
INSERT INTO patients (first_name, last_name, gender, date_of_birth, phone_number, email, address) VALUES
('Alice','Anderson','Female','1985-02-10','0701234001','alice.anderson@email.com','12 Oak Street, Paris'),
('Brian','Brown','Male','1978-06-22','0712345002','brian.brown@email.com','34 Pine Avenue, Lyon'),
('Catherine','Cole','Female','1992-11-05','0723456003','c.cole@email.com','56 Maple Road, Marseille'),
('David','Dunn','Male','2001-03-14','0734567004','d.dunn@email.com','78 Birch Lane, Toulouse'),
('Eva','Edwards','Female','1969-09-30','0745678005','eva.edwards@email.com','90 Cedar Court, Nice'),
('Frank','Foster','Male','1988-12-01','0756789006','frank.foster@email.com','12 Oak Street, Paris'),
('Grace','Gomez','Female','1995-07-19','0767890007','grace.gomez@email.com','202 Willow Way, Nantes'),
('Henry','Hughes','Male','1972-04-25','0778901008','henry.hughes@email.com','34 Pine Avenue, Lyon'),
('Ivy','Ibrahim','Female','2000-10-03','0789012009','ivy.ibrahim@email.com','404 Elm Street, Strasbourg'),
('Jack','Jacobs','Male','1990-01-17','0790123010','jack.jacobs@email.com','505 Poplar Blvd, Bordeaux'),
('Kara','Kim','Female','1982-05-28','0701234011','kara.kim@email.com','606 Chestnut Road, Lille'),
('Liam','Lewis','Male','1975-08-09','0712345012','liam.lewis@email.com','56 Maple Road, Marseille'),
('Mia','Morris','Female','1998-12-12','0723456013','mia.morris@email.com','808 Sycamore St, Rennes'),
('Noah','Nguyen','Male','2003-02-02','0734567014','noah.nguyen@email.com','909 Palm Drive, Reims'),
('Olivia','Owens','Female','1987-07-07','0745678015','olivia.owens@email.com','111 Redwood Lane, Le Havre'),
('Peter','Peters','Male','1965-11-11','0756789016','peter.peters@email.com','222 Cypress Court, Saint-Étienne'),
('Quinn','Quartey','Other','1999-09-09','0767890017','quinn.quartey@email.com','333 Hawthorn Road, Toulon'),
('Rachel','Ross','Female','1980-03-03','0778901018','rachel.ross@email.com','78 Birch Lane, Toulouse'),
('Samuel','Stone','Male','1994-06-06','0789012019','samuel.stone@email.com','555 Juniper Ave, Grenoble'),
('Tina','Turner','Female','2006-08-15','0790123020','tina.turner@email.com','666 Laurel Blvd, Dijon'),
('Uma','Underwood','Female','1991-11-20','0701234021','uma.underwood@email.com','12 Oak Street, Paris'),
('Victor','Vega','Male','1983-04-18','0712345022','victor.vega@email.com','777 Ash Avenue, Angers'),
('Wendy','Walsh','Female','1996-09-25','0723456023','wendy.walsh@email.com','888 Beech Street, Nîmes'),
('Xavier','Xu','Male','1989-12-30','0734567024','xavier.xu@email.com','90 Cedar Court, Nice'),
('Yara','Young','Female','2002-07-14','0745678025','yara.young@email.com','999 Fir Lane, Villeurbanne'),
('Zachary','Zimmerman','Male','1977-02-28','0756789026','zachary.zimmerman@email.com','34 Pine Avenue, Lyon'),
('Amber','Abbott','Female','1993-05-05','0767890027','amber.abbott@email.com','123 Spruce Road, Aix-en-Provence'),
('Blake','Bishop','Male','2004-10-10','0778901028','blake.bishop@email.com','234 Walnut Way, Clermont-Ferrand'),
('Chloe','Carter','Female','1986-08-22','0789012029','chloe.carter@email.com','345 Hickory Hill, Tours'),
('Dylan','Dixon','Male','1998-03-17','0790123030','dylan.dixon@email.com','456 Magnolia Drive, Amiens');